id_indicator,id_country,country,Age,2000,2001,2002,2003,2004,2005,2006,2007,2008,2009,2010,2011,2012,2013,2014,2015,2016,2017,2018,2019
1.1.1,8,Albania,15+,0.6,0.6,0.6,0.3,0.3,0.2,0.2,0.1,0.1,0.1,0.2,0.2,na,0.3,0.4,0.3,0.2,0.4,0.3,na
1.1.1,8,Albania,15-24,1.6,1.5,1.6,0.8,0.7,0.6,0.4,0.3,0.2,0.3,0.4,0.5,na,0.7,0.9,0.6,0.6,0.8,0.7,na
1.1.1,8,Albania,25+,0.4,0.4,0.4,0.2,0.2,0.2,0.1,0.1,0.1,0.1,0.1,0.1,na,0.3,0.4,0.3,0.2,0.3,0.3,na
1.1.1,12,Algeria,15+,1.5,1.2,1.0,0.9,0.7,0.6,0.5,0.4,0.3,0.2,0.2,0.1,0.1,0.1,0.1,0.1,0.1,0.1,0.1,na
1.1.1,12,Algeria,15-24,1.9,1.5,1.1,0.9,0.7,0.6,0.5,0.4,0.3,0.2,0.2,0.1,0.1,0.1,0.1,0.1,0.1,0.1,0.1,na
1.1.1,12,Algeria,25+,1.5,1.2,1.0,0.8,0.7,0.6,0.5,0.4,0.3,0.2,0.2,0.1,0.1,0.1,0.1,0.1,0.1,0.1,0.1,na
1.1.1,24,Angola,15+,32.0,33.7,32.1,34.8,34.6,32.6,31.7,30.0,29.0,31.9,31.8,32.9,33.1,33.8,34.7,36.9,38.3,41.7,47.1,na
1.1.1,24,Angola,15-24,37.9,39.6,38.1,40.7,40.5,38.5,37.6,35.7,34.6,37.4,37.8,38.8,39.1,39.8,40.7,42.9,44.2,47.4,52.1,na
1.1.1,24,Angola,25+,29.9,31.6,30.0,32.7,32.5,30.5,29.7,28.0,27.0,29.9,29.8,30.9,31.2,31.9,32.7,35.0,36.4,39.9,45.5,na
1.1.1,32,Argentina,15+,3.0,6.0,9.8,3.9,2.6,1.4,1.1,0.7,0.7,0.7,0.6,0.3,0.2,0.2,0.2,na,0.2,0.2,na,na
1.1.1,32,Argentina,15-24,2.4,4.8,8.0,3.2,2.2,1.2,0.9,0.6,0.6,0.6,0.5,0.2,0.2,0.2,0.1,na,0.1,0.1,na,na
1.1.1,32,Argentina,25+,3.1,6.2,10.1,4.0,2.7,1.5,1.1,0.8,0.8,0.7,0.7,0.3,0.2,0.2,0.2,na,0.2,0.2,na,na
1.1.1,51,Armenia,15+,10.6,11.3,8.1,5.9,na,1.6,1.1,0.7,0.3,na,0.3,0.4,0.3,na,0.6,0.4,0.3,0.3,0.4,na
1.1.1,51,Armenia,15-24,10.0,10.9,7.9,5.7,na,1.5,1.0,0.6,0.2,na,0.2,0.4,0.4,na,0.9,0.6,0.5,0.4,0.6,na
1.1.1,51,Armenia,25+,10.7,11.4,8.1,5.9,na,1.6,1.2,0.7,0.3,na,0.3,0.4,0.2,na,0.6,0.3,0.3,0.2,0.4,na
1.1.1,53,Australia and New Zealand,15+,0.0,0.0,0.0,0.0,0.0,0.0,0.0,0.0,0.0,0.0,0.0,0.0,0.0,0.0,0.0,0.0,0.0,0.0,0.0,0.0
1.1.1,53,Australia and New Zealand,15-24,0.0,0.0,0.0,0.0,0.0,0.0,0.0,0.0,0.0,0.0,0.0,0.0,0.0,0.0,0.0,0.0,0.0,0.0,0.0,0.0
1.1.1,53,Australia and New Zealand,25+,0.0,0.0,0.0,0.0,0.0,0.0,0.0,0.0,0.0,0.0,0.0,0.0,0.0,0.0,0.0,0.0,0.0,0.0,0.0,0.0
1.1.1,50,Bangladesh,15+,29.9,28.8,29.1,27.6,24.9,21.7,20.2,18.7,17.8,17.2,16.3,15.2,14.6,13.8,13.2,12.4,12.0,9.6,6.5,na
1.1.1,50,Bangladesh,15-24,30.3,29.2,29.5,28.1,25.5,22.2,20.7,19.3,18.5,18.1,17.2,16.3,15.7,15.0,14.6,13.7,13.5,10.8,7.3,na
1.1.1,50,Bangladesh,25+,29.8,28.6,28.9,27.4,24.8,21.5,20.1,18.5,17.6,16.9,16.0,15.0,14.3,13.5,12.9,12.1,11.7,9.4,6.3,na
1.1.1,112,Belarus,15+,3.9,0.9,0.6,0.4,0.1,0.1,0.0,0.0,0.1,0.0,0.1,0.1,0.1,0.1,0.1,0.1,0.1,0.1,0.1,na
1.1.1,112,Belarus,15-24,6.2,1.5,1.0,0.7,0.2,0.2,0.1,0.0,0.2,0.0,0.2,0.2,0.2,0.2,0.2,0.2,0.2,0.2,0.2,na
1.1.1,112,Belarus,25+,3.6,0.8,0.5,0.4,0.1,0.1,0.0,0.0,0.1,0.0,0.1,0.1,0.1,0.1,0.1,0.1,0.1,0.1,0.1,na
1.1.1,84,Belize,15+,8.5,8.2,7.7,7.1,7.9,8.5,9.6,8.8,9.9,9.9,9.8,8.9,9.8,9.0,9.0,9.1,8.9,10.1,10.4,na
1.1.1,84,Belize,15-24,9.2,9.0,8.3,7.7,8.5,9.1,10.4,9.5,10.7,10.7,10.6,9.5,10.5,9.6,9.5,9.5,9.5,11.1,11.3,na
1.1.1,84,Belize,25+,8.3,7.9,7.5,6.9,7.7,8.3,9.4,8.5,9.7,9.7,9.6,8.7,9.6,8.8,8.8,8.9,8.8,9.9,10.1,na
1.1.1,204,Benin,15+,46.9,45.2,44.3,na,44.0,45.5,45.7,45.2,44.9,46.1,47.3,na,47.4,46.4,43.7,44.4,44.1,42.5,40.5,na
1.1.1,204,Benin,15-24,49.2,47.6,46.8,na,47.1,48.8,49.4,49.3,49.3,50.7,52.0,na,52.0,51.1,48.6,49.1,48.9,47.6,45.8,na
1.1.1,204,Benin,25+,45.9,44.2,43.3,na,42.9,44.4,44.5,44.0,43.6,44.9,46.1,na,46.2,45.1,42.3,43.1,42.9,41.2,39.1,na
1.1.1,64,Bhutan,15+,26.6,na,23.5,na,15.9,11.4,na,9.6,11.6,7.2,3.3,3.3,2.6,2.0,2.1,na,1.9,1.8,0.9,na
1.1.1,64,Bhutan,15-24,31.0,na,28.0,na,20.0,14.9,na,13.2,15.7,10.2,5.1,5.3,4.6,3.5,3.7,na,3.3,3.2,1.6,na
1.1.1,64,Bhutan,25+,25.2,na,22.1,na,14.5,10.3,na,8.6,10.5,6.4,2.8,2.8,2.2,1.8,1.9,na,1.7,1.6,0.8,na
1.1.1,68,Bolivia (Plurinational State of),15+,na,na,23.4,na,na,18.1,na,na,na,9.1,na,6.5,7.3,na,na,na,na,na,na,na
1.1.1,68,Bolivia (Plurinational State of),15+,25.9,20.7,na,18.8,12.6,na,14.9,11.5,10.3,na,8.4,na,na,6.8,6.2,6.4,7.6,6.6,5.3,na
1.1.1,68,Bolivia (Plurinational State of),15-24,na,na,28.6,na,na,20.9,na,na,na,11.0,na,8.3,9.3,na,na,na,na,na,na,na
1.1.1,68,Bolivia (Plurinational State of),15-24,31.3,25.4,na,22.7,14.9,na,18.1,14.0,12.5,na,10.4,na,na,8.5,8.8,7.9,9.1,8.0,7.0,na
1.1.1,68,Bolivia (Plurinational State of),25+,na,na,21.9,na,na,17.4,na,na,na,8.5,na,6.1,6.8,na,na,na,na,na,na,na
1.1.1,68,Bolivia (Plurinational State of),25+,24.4,19.3,na,17.7,11.9,na,14.0,10.9,9.7,na,7.9,na,na,6.4,5.5,6.0,7.3,6.3,4.9,na
1.1.1,70,Bosnia and Herzegovina,15+,0.1,0.1,0.1,0.1,0.0,0.0,0.0,0.0,0.0,0.0,0.0,0.0,0.0,0.0,0.0,0.0,0.0,0.0,0.0,na
1.1.1,70,Bosnia and Herzegovina,15-24,0.1,0.1,0.1,0.1,0.1,0.1,0.0,0.0,0.0,0.0,0.0,0.0,0.0,0.0,0.0,0.0,0.0,0.0,0.0,na
1.1.1,70,Bosnia and Herzegovina,25+,0.1,0.1,0.1,0.1,0.0,0.0,0.0,0.0,0.0,0.0,0.0,0.0,0.0,0.0,0.0,0.0,0.0,0.0,0.0,na
1.1.1,72,Botswana,15+,21.6,23.3,22.0,20.6,19.7,18.1,15.4,13.2,11.2,13.0,11.5,11.2,11.1,9.2,8.9,10.5,10.2,9.8,9.3,na
1.1.1,72,Botswana,15-24,29.1,31.3,30.0,28.6,27.3,25.2,21.7,18.9,16.2,18.6,16.8,16.2,16.0,13.3,12.8,15.0,14.6,14.2,13.6,na
1.1.1,72,Botswana,25+,19.8,21.5,20.2,19.0,18.0,16.5,13.9,12.0,10.2,12.0,10.5,10.3,10.2,8.5,8.2,9.7,9.4,9.1,8.7,na
1.1.1,76,Brazil,15+,na,7.5,6.9,7.4,5.8,5.2,4.2,3.7,2.9,2.7,na,2.1,1.5,na,na,na,na,na,na,na
1.1.1,76,Brazil,15-24,na,7.5,6.9,7.3,7.3,6.4,5.4,4.6,3.5,3.3,na,2.6,2.0,na,na,na,na,na,na,na
1.1.1,76,Brazil,25+,na,7.5,6.9,7.4,5.4,4.9,3.9,3.5,2.8,2.6,na,2.0,1.4,na,na,na,na,na,na,na
1.1.1,854,Burkina Faso,15+,76.0,69.7,65.2,na,56.0,55.5,54.9,54.3,52.7,53.2,51.3,48.5,45.4,42.7,40.6,39.9,37.6,35.2,32.2,na
1.1.1,854,Burkina Faso,15-24,77.0,71.1,66.6,na,57.9,57.5,57.0,56.4,54.9,55.5,53.8,51.1,48.3,45.8,43.9,43.2,41.0,38.6,35.7,na
1.1.1,854,Burkina Faso,25+,75.4,69.0,64.4,na,55.0,54.4,53.9,53.3,51.6,52.1,50.2,47.3,44.2,41.4,39.3,38.6,36.3,33.9,30.9,na
1.1.1,108,Burundi,15+,82.9,81.8,79.9,80.6,79.0,78.7,76.8,76.6,75.3,74.9,73.5,73.0,72.3,70.8,70.1,73.4,75.3,76.5,77.2,na
1.1.1,108,Burundi,15-24,84.3,83.2,81.3,81.8,80.3,79.8,78.1,77.9,76.8,76.4,75.2,74.9,74.3,73.1,72.6,75.3,76.9,77.9,78.5,na
1.1.1,108,Burundi,25+,82.2,81.1,79.2,80.0,78.4,78.1,76.2,75.9,74.6,74.2,72.7,72.2,71.4,70.0,69.2,72.7,74.8,76.0,76.9,na
1.1.1,132,Cabo Verde,15+,13.5,13.4,na,11.4,10.1,8.8,7.7,6.3,4.9,4.2,3.8,3.5,3.1,2.8,2.4,2.0,1.6,1.3,1.0,na
1.1.1,132,Cabo Verde,15-24,17.8,17.7,na,15.3,13.6,12.0,10.7,8.8,7.1,6.1,5.6,5.1,4.6,4.2,3.7,3.0,2.4,2.0,1.6,na
1.1.1,132,Cabo Verde,25+,12.0,11.9,na,10.0,8.8,7.7,6.8,5.5,4.3,3.7,3.4,3.1,2.8,2.5,2.2,1.8,1.4,1.2,0.9,na
1.1.1,120,Cameroon,15+,27.0,na,24.1,25.0,24.8,26.8,28.2,na,28.4,29.5,29.2,28.0,26.8,24.8,22.9,21.9,21.0,20.6,20.1,na
1.1.1,120,Cameroon,15-24,29.8,na,26.2,26.8,26.2,27.7,28.6,na,28.5,29.7,29.5,28.3,27.2,25.2,23.3,22.3,21.4,21.1,20.6,na
1.1.1,120,Cameroon,25+,25.8,na,23.1,24.3,24.3,26.4,28.0,na,28.4,29.4,29.1,27.9,26.7,24.7,22.7,21.8,20.8,20.5,20.0,na
1.1.1,140,Central African Republic,15+,68.7,65.6,62.9,64.2,61.9,64.9,64.0,63.6,65.4,62.3,60.9,59.4,57.1,na,na,na,na,na,na,na
1.1.1,140,Central African Republic,15-24,70.8,68.1,65.7,66.7,64.9,67.5,67.0,66.7,68.5,65.8,64.6,63.3,61.3,na,na,na,na,na,na,na
1.1.1,140,Central African Republic,25+,68.0,64.8,62.0,63.4,60.9,63.9,63.0,62.5,64.3,61.0,59.6,58.0,55.6,na,na,na,na,na,na,na
1.1.1,62,Central and Southern Asia,15+,36.2,35.8,35.7,34.9,33.5,31.0,30.2,28.4,27.1,26.0,22.2,18.5,16.8,15.0,13.4,11.8,10.1,8.7,7.2,6.6
1.1.1,62,Central and Southern Asia,15-24,37.0,36.6,36.6,35.8,34.2,31.7,31.0,29.4,28.4,27.4,23.8,20.5,18.8,17.1,15.5,13.9,12.2,10.6,9.0,8.3
1.1.1,62,Central and Southern Asia,25+,35.9,35.5,35.4,34.7,33.3,30.8,30.0,28.1,26.8,25.7,21.8,18.1,16.4,14.6,13.0,11.4,9.8,8.3,6.9,6.3
1.1.1,143,Central Asia,15+,33.5,32.1,30.1,30.9,26.7,24.4,21.8,19.2,16.0,13.7,12.2,10.6,9.2,7.8,6.7,5.8,5.0,4.6,4.2,3.6
1.1.1,143,Central Asia,15-24,35.2,33.6,31.5,31.9,27.5,25.2,22.6,20.0,16.7,14.4,13.0,11.5,10.1,8.8,7.5,6.6,5.8,5.5,5.1,4.5
1.1.1,143,Central Asia,25+,33.1,31.8,29.8,30.7,26.5,24.3,21.6,19.0,15.8,13.6,12.1,10.4,9.0,7.6,6.5,5.6,4.8,4.4,4.0,3.5
1.1.1,148,Chad,15+,73.8,69.8,67.6,62.0,46.1,38.2,39.9,40.0,40.1,40.2,35.5,36.4,34.1,33.5,32.4,32.6,36.7,39.8,40.0,na
1.1.1,148,Chad,15-24,75.1,71.6,69.5,64.6,50.1,42.6,44.3,44.4,44.6,44.7,40.1,41.1,38.8,38.2,37.3,37.5,41.5,44.6,44.8,na
1.1.1,148,Chad,25+,73.2,69.1,66.7,60.9,44.3,36.2,38.0,38.1,38.1,38.2,33.5,34.3,32.0,31.4,30.3,30.5,34.6,37.7,38.0,na
1.1.1,152,Chile,15+,1.9,1.9,1.9,1.8,1.1,0.6,0.4,0.4,0.3,0.4,0.3,0.2,0.1,0.1,0.1,0.1,0.1,0.1,0.1,na
1.1.1,152,Chile,15-24,1.5,1.5,1.4,1.3,0.8,0.4,0.3,0.2,0.2,0.2,0.2,0.1,0.1,0.1,0.1,0.1,0.1,0.1,0.0,na
1.1.1,152,Chile,25+,2.0,2.0,2.0,1.9,1.1,0.6,0.4,0.4,0.4,0.4,0.3,0.2,0.1,0.1,0.1,0.1,0.1,0.1,0.1,na
1.1.1,156,China,15+,36.2,34.2,31.7,28.1,24.1,19.8,18.8,17.3,16.4,14.9,13.2,9.4,7.7,2.2,1.6,0.9,0.6,0.5,0.3,na
1.1.1,156,China,15-24,42.9,41.4,39.1,35.7,31.4,26.6,25.5,24.0,23.1,21.3,19.2,14.0,11.6,3.4,2.5,1.3,0.9,0.7,0.5,na
1.1.1,156,China,25+,34.8,32.7,30.2,26.6,22.6,18.5,17.4,16.0,15.2,13.7,12.1,8.6,7.1,2.0,1.5,0.8,0.6,0.4,0.3,na
1.1.1,170,Colombia,15+,11.9,14.8,10.1,na,7.3,6.4,6.5,6.4,7.0,5.9,5.1,4.0,na,3.4,2.9,2.5,2.5,2.0,2.1,na
1.1.1,170,Colombia,15-24,15.6,20.2,14.2,na,9.8,8.4,8.1,7.6,7.8,6.6,5.4,3.9,na,3.0,2.5,2.3,2.1,1.6,1.7,na
1.1.1,170,Colombia,25+,11.1,13.5,9.1,na,6.7,5.9,6.1,6.2,6.8,5.8,5.0,4.0,na,3.5,3.0,2.6,2.6,2.1,2.2,na
1.1.1,174,Comoros,15+,11.5,11.5,11.6,11.8,11.9,12.2,12.7,13.7,13.6,13.7,14.1,14.1,14.4,14.2,14.7,15.1,14.8,14.4,14.0,na
1.1.1,174,Comoros,15-24,17.0,17.0,17.1,17.3,17.5,18.0,18.6,20.0,19.9,20.1,20.6,20.7,21.1,20.8,21.6,22.1,21.8,21.2,20.6,na
1.1.1,174,Comoros,25+,10.6,10.7,10.7,10.9,11.0,11.3,11.8,12.8,12.7,12.8,13.2,13.3,13.6,13.4,13.9,14.3,14.1,13.6,13.2,na
1.1.1,178,Congo,15+,56.1,55.8,55.2,56.1,55.7,na,47.8,50.4,47.1,45.9,37.8,37.0,36.3,36.1,34.9,35.0,36.8,39.7,40.3,na
1.1.1,178,Congo,15-24,62.7,62.5,62.1,62.8,62.5,na,55.9,58.0,55.4,54.4,47.2,46.3,45.6,45.3,44.2,44.3,46.0,48.7,49.3,na
1.1.1,178,Congo,25+,54.7,54.5,53.9,54.8,54.4,na,46.3,48.9,45.6,44.3,36.0,35.2,34.4,34.2,33.0,33.1,34.9,37.9,38.5,na
1.1.1,188,Costa Rica,15+,4.5,3.2,3.0,2.9,2.8,1.9,1.9,0.8,1.2,1.2,na,0.5,0.5,na,0.5,0.5,0.4,0.3,0.4,na
1.1.1,188,Costa Rica,15-24,4.8,3.1,2.8,2.8,2.6,1.6,1.7,0.7,1.0,0.8,na,0.3,0.5,na,0.4,0.4,0.3,0.3,0.4,na
1.1.1,188,Costa Rica,25+,4.5,3.2,3.1,2.9,2.9,2.0,2.0,0.8,1.2,1.3,na,0.5,0.6,na,0.5,0.5,0.4,0.3,0.5,na
1.1.1,384,Côte d'Ivoire,15+,25.5,24.9,na,26.5,27.2,27.8,28.7,29.3,29.4,30.2,31.6,36.7,33.6,31.9,30.0,28.2,25.8,23.5,21.5,na
1.1.1,384,Côte d'Ivoire,15-24,29.3,28.9,na,30.7,31.5,32.2,33.2,33.9,34.0,35.0,36.5,41.5,38.6,37.0,35.0,33.2,30.7,28.4,26.2,na
1.1.1,384,Côte d'Ivoire,25+,24.2,23.5,na,25.1,25.8,26.4,27.3,27.8,27.9,28.8,30.2,35.3,32.2,30.5,28.6,26.8,24.5,22.3,20.4,na
1.1.1,180,Democratic Republic of the Congo,15+,95.9,96.4,96.3,96.0,94.8,94.7,93.1,90.2,87.9,88.2,84.2,80.5,76.6,72.8,70.3,68.9,69.3,69.0,67.8,na
1.1.1,180,Democratic Republic of the Congo,15-24,95.8,96.3,96.2,95.9,94.8,94.6,92.9,90.3,87.9,88.3,84.6,81.2,77.6,74.3,72.1,70.8,71.2,71.0,69.9,na
1.1.1,180,Democratic Republic of the Congo,25+,96.0,96.5,96.4,96.1,94.8,94.7,93.1,90.2,87.9,88.2,84.1,80.3,76.3,72.5,69.9,68.4,68.8,68.6,67.4,na
1.1.1,214,Dominican Republic,15+,na,2.6,4.1,4.9,6.4,4.1,3.2,3.1,2.7,2.2,1.8,2.2,1.9,1.5,1.5,1.3,1.2,0.5,0.3,na
1.1.1,214,Dominican Republic,15-24,na,2.8,4.2,4.8,6.4,4.1,3.3,3.2,3.0,2.0,1.6,1.9,1.6,1.2,1.3,1.2,1.1,0.5,0.3,na
1.1.1,214,Dominican Republic,25+,na,2.6,4.1,4.9,6.3,4.2,3.1,3.1,2.7,2.3,1.8,2.2,2.0,1.6,1.5,1.3,1.2,0.5,0.3,na
1.1.1,753,Eastern and South-Eastern Asia,15+,31.2,29.4,26.8,23.8,20.7,17.3,16.7,15.2,14.3,12.8,11.1,8.2,6.8,3.1,2.5,1.9,1.6,1.4,1.2,1.1
1.1.1,753,Eastern and South-Eastern Asia,15-24,38.6,37.0,34.5,31.4,28.0,24.1,23.3,21.6,20.7,18.7,16.3,12.4,10.4,4.9,4.2,3.3,2.8,2.5,2.1,1.9
1.1.1,753,Eastern and South-Eastern Asia,25+,29.6,27.8,25.2,22.2,19.2,16.0,15.4,13.9,13.1,11.7,10.1,7.5,6.3,2.8,2.3,1.7,1.5,1.3,1.1,1.0
1.1.1,30,Eastern Asia,15+,31.7,29.9,27.7,24.6,21.1,17.5,16.5,15.3,14.5,13.2,11.7,8.4,6.9,2.2,1.7,1.1,0.8,0.7,0.6,0.5
1.1.1,30,Eastern Asia,15-24,39.3,37.9,35.9,32.8,29.0,24.7,23.8,22.4,21.6,20.0,18.1,13.3,11.1,3.7,2.8,1.8,1.5,1.3,1.2,1.1
1.1.1,30,Eastern Asia,25+,30.1,28.3,26.2,23.1,19.6,16.1,15.2,14.0,13.2,12.0,10.7,7.6,6.3,2.0,1.5,1.0,0.8,0.6,0.5,0.5
1.1.1,218,Ecuador,15+,25.3,18.6,14.2,13.0,13.8,11.1,7.9,8.2,7.3,7.1,5.7,5.0,4.9,3.8,3.1,4.1,4.2,3.8,3.9,na
1.1.1,218,Ecuador,15-24,30.4,23.7,18.6,17.2,18.2,15.0,11.4,10.7,9.5,8.5,6.5,5.3,5.2,3.8,3.0,4.1,4.3,4.0,4.2,na
1.1.1,218,Ecuador,25+,23.9,17.2,12.9,11.8,12.6,10.0,7.0,7.5,6.8,6.7,5.6,5.0,4.9,3.8,3.1,4.1,4.2,3.8,3.9,na
1.1.1,818,Egypt,15+,1.4,1.8,2.5,3.2,3.9,3.6,3.5,3.7,na,2.5,1.7,1.2,0.8,0.9,0.8,0.7,1.0,1.5,2.2,na
1.1.1,818,Egypt,15-24,1.8,2.1,2.9,3.8,4.7,4.5,4.5,4.8,na,3.3,2.4,1.7,1.1,1.2,1.2,1.0,1.5,2.2,3.1,na
1.1.1,818,Egypt,25+,1.4,1.7,2.3,3.0,3.7,3.4,3.3,3.4,na,2.3,1.6,1.1,0.8,0.8,0.8,0.7,1.0,1.4,2.1,na
1.1.1,222,El Salvador,15+,9.1,10.2,10.7,na,7.9,7.7,4.7,2.9,4.8,na,3.8,3.0,na,2.0,1.6,0.8,1.1,0.7,0.4,na
1.1.1,222,El Salvador,15-24,13.9,15.0,15.5,na,12.1,11.8,7.4,4.7,7.8,na,5.8,4.7,na,3.2,2.6,1.3,1.8,1.3,0.7,na
1.1.1,222,El Salvador,25+,7.8,8.9,9.4,na,6.8,6.6,4.0,2.4,4.0,na,3.3,2.5,na,1.7,1.4,0.7,0.9,0.6,0.4,na
1.1.1,748,Eswatini,15+,41.6,40.3,39.7,39.1,38.4,37.4,36.5,35.9,35.6,34.9,32.0,31.0,25.5,22.5,23.0,22.2,22.6,21.9,21.6,na
1.1.1,748,Eswatini,15-24,49.5,48.5,48.0,47.5,46.8,46.0,45.2,44.6,44.2,43.6,40.8,39.8,34.3,31.0,31.7,30.8,31.2,30.6,30.3,na
1.1.1,748,Eswatini,25+,40.1,38.8,38.3,37.7,37.0,36.1,35.3,34.7,34.4,33.7,30.8,29.7,24.3,21.3,21.8,21.0,21.3,20.7,20.4,na
1.1.1,231,Ethiopia,15+,58.9,49.7,52.1,61.2,44.0,38.1,37.4,36.8,36.2,35.9,34.9,33.8,33.5,32.8,32.1,31.4,29.0,25.0,22.6,na
1.1.1,231,Ethiopia,15-24,61.1,51.9,54.2,63.2,46.0,40.1,39.5,38.9,38.3,38.1,37.2,36.1,35.8,35.1,34.5,33.9,31.6,27.6,25.3,na
1.1.1,231,Ethiopia,25+,57.8,48.6,51.0,60.2,43.0,37.2,36.4,35.8,35.1,34.8,33.8,32.6,32.4,31.6,30.9,30.1,27.7,23.7,21.4,na
1.1.1,150,Europe,15+,0.5,0.3,0.2,0.1,0.1,0.1,0.1,0.0,0.0,0.0,0.0,0.0,0.0,0.0,0.0,0.0,0.0,0.0,0.0,0.0
1.1.1,150,Europe,15-24,0.7,0.4,0.3,0.2,0.2,0.2,0.1,0.0,0.0,0.0,0.0,0.0,0.0,0.0,0.0,0.0,0.0,0.0,0.0,0.0
1.1.1,150,Europe,25+,0.4,0.3,0.2,0.1,0.1,0.1,0.1,0.0,0.0,0.0,0.0,0.0,0.0,0.0,0.0,0.0,0.0,0.0,0.0,0.0
1.1.1,513,Europe and Northern America,15+,0.3,0.2,0.1,0.1,0.1,0.1,0.0,0.0,0.0,0.0,0.0,0.0,0.0,0.0,0.0,0.0,0.0,0.0,0.0,0.0
1.1.1,513,Europe and Northern America,15-24,0.4,0.3,0.2,0.1,0.1,0.1,0.0,0.0,0.0,0.0,0.0,0.0,0.0,0.0,0.0,0.0,0.0,0.0,0.0,0.0
1.1.1,513,Europe and Northern America,25+,0.3,0.2,0.1,0.1,0.1,0.1,0.0,0.0,0.0,0.0,0.0,0.0,0.0,0.0,0.0,0.0,0.0,0.0,0.0,0.0
1.1.1,242,Fiji,15+,0.9,0.8,0.7,0.6,0.5,0.4,0.4,0.4,0.4,0.7,0.5,0.4,0.3,0.2,0.1,0.1,0.1,0.1,0.1,na
1.1.1,242,Fiji,15-24,1.2,1.1,0.8,0.7,0.6,0.5,0.5,0.5,0.5,0.9,0.6,0.5,0.3,0.2,0.1,0.1,0.1,0.1,0.1,na
1.1.1,242,Fiji,25+,0.9,0.8,0.6,0.5,0.4,0.4,0.4,0.4,0.4,0.7,0.5,0.4,0.2,0.2,0.1,0.1,0.1,0.1,0.1,na
1.1.1,266,Gabon,15+,4.8,4.8,5.1,5.2,5.5,na,6.1,5.1,5.8,5.8,4.8,4.0,3.5,2.9,2.6,2.2,1.9,1.8,1.9,na
1.1.1,266,Gabon,15-24,6.3,6.3,6.7,6.8,7.2,na,8.0,6.8,7.8,7.9,6.6,5.5,4.8,4.0,3.5,3.0,2.6,2.4,2.5,na
1.1.1,266,Gabon,25+,4.6,4.6,4.9,5.0,5.3,na,5.8,4.9,5.6,5.6,4.7,3.9,3.4,2.8,2.5,2.2,1.9,1.7,1.8,na
1.1.1,270,Gambia,15+,na,na,na,45.8,na,38.3,37.3,34.5,na,na,21.9,na,19.4,16.1,13.9,9.9,9.1,8.7,7.9,na
1.1.1,270,Gambia,15-24,na,na,na,51.7,na,44.6,43.4,40.6,na,na,27.2,na,24.3,20.3,17.6,12.8,11.8,11.3,10.3,na
1.1.1,270,Gambia,25+,na,na,na,43.9,na,36.2,35.2,32.4,na,na,20.1,na,17.7,14.6,12.6,8.9,8.2,7.8,7.1,na
1.1.1,268,Georgia,15+,na,na,9.2,9.5,9.1,9.6,9.2,10.2,8.7,8.6,10.1,9.4,7.1,5.5,4.2,3.2,3.2,4.0,3.4,na
1.1.1,268,Georgia,15-24,na,na,9.8,10.5,9.3,10.6,10.3,11.0,9.9,10.1,12.5,11.5,8.7,6.5,4.9,3.7,3.7,5.0,4.7,na
1.1.1,268,Georgia,25+,na,na,9.1,9.4,9.0,9.5,9.2,10.1,8.6,8.4,9.9,9.2,7.0,5.4,4.2,3.1,3.1,4.0,3.3,na
1.1.1,288,Ghana,15+,29.6,28.5,26.9,25.2,23.5,na,20.3,19.7,17.7,16.8,15.2,11.7,9.9,8.7,9.1,9.6,10.1,9.4,8.7,na
1.1.1,288,Ghana,15-24,34.6,33.5,32.1,30.4,28.9,na,25.8,25.1,22.8,21.8,20.0,15.8,13.6,12.1,12.6,13.4,13.9,13.1,12.1,na
1.1.1,288,Ghana,25+,28.0,27.0,25.5,23.7,22.1,na,19.0,18.4,16.4,15.6,14.0,10.7,9.0,8.0,8.3,8.8,9.2,8.6,7.9,na
1.1.1,320,Guatemala,15+,na,6.0,6.4,6.7,6.9,7.1,na,6.7,6.3,6.8,6.5,6.0,6.3,5.7,5.0,4.3,4.0,4.0,3.7,na
1.1.1,320,Guatemala,15-24,na,7.1,8.2,9.4,10.4,11.4,na,11.5,10.8,11.4,10.9,9.9,10.7,8.9,8.1,7.3,6.7,7.0,6.5,na
1.1.1,320,Guatemala,25+,na,5.5,5.5,5.4,5.3,5.1,na,4.6,4.3,4.8,4.7,4.4,4.3,4.4,3.8,3.2,2.9,2.9,2.7,na
1.1.1,324,Guinea,15+,62.6,64.4,65.0,na,65.5,64.3,65.2,62.9,58.1,56.4,58.2,49.1,39.3,38.2,37.4,36.8,32.0,28.4,26.7,na
1.1.1,324,Guinea,15-24,68.7,70.0,70.5,na,70.8,69.6,70.4,68.4,64.1,62.4,63.8,55.8,46.5,45.6,44.8,44.3,39.7,36.0,34.3,na
1.1.1,324,Guinea,25+,60.5,62.3,63.0,na,63.5,62.2,63.2,60.8,55.8,54.0,55.9,46.6,36.5,35.4,34.6,34.1,29.3,25.7,24.0,na
1.1.1,624,Guinea-Bissau,15+,55.7,53.4,53.3,56.0,57.6,57.9,59.4,61.0,62.5,64.0,65.4,63.4,65.0,64.8,65.7,64.3,62.5,60.9,60.1,na
1.1.1,624,Guinea-Bissau,15-24,58.8,56.7,56.5,59.1,60.6,61.0,62.5,64.0,65.5,67.0,68.5,66.6,68.1,67.9,68.7,67.5,65.9,64.4,63.7,na
1.1.1,624,Guinea-Bissau,25+,54.5,52.1,52.1,54.8,56.4,56.7,58.2,59.8,61.3,62.8,64.3,62.2,63.9,63.7,64.7,63.2,61.3,59.7,58.9,na
1.1.1,328,Guyana,15+,7.9,7.5,7.3,7.3,7.1,7.4,6.7,5.8,5.6,5.2,4.7,4.2,3.7,3.3,3.0,2.8,2.5,2.4,2.1,na
1.1.1,328,Guyana,15-24,8.9,8.6,8.4,8.4,8.1,8.3,7.6,6.6,6.2,5.7,5.1,4.6,4.1,3.7,3.5,3.3,3.0,2.9,2.6,na
1.1.1,328,Guyana,25+,7.6,7.2,7.0,7.1,6.9,7.2,6.5,5.6,5.4,5.0,4.6,4.1,3.6,3.2,2.9,2.7,2.4,2.3,2.0,na
1.1.1,332,Haiti,15+,na,na,na,na,na,na,na,na,na,na,na,na,21.8,21.4,21.4,22.1,22.3,22.8,22.9,na
1.1.1,332,Haiti,15-24,na,na,na,na,na,na,na,na,na,na,na,na,12.9,12.5,12.4,12.9,13.1,13.4,13.4,na
1.1.1,332,Haiti,25+,na,na,na,na,na,na,na,na,na,na,na,na,23.2,22.8,22.7,23.4,23.7,24.2,24.2,na
1.1.1,340,Honduras,15+,16.7,17.5,19.1,23.2,22.5,21.9,18.3,13.5,12.9,10.8,12.2,na,16.1,14.1,12.7,13.0,14.4,14.0,13.4,na
1.1.1,340,Honduras,15-24,20.0,20.9,22.1,25.8,24.9,24.3,20.8,15.0,15.3,13.2,14.0,na,17.7,15.8,14.2,14.5,15.5,15.5,15.4,na
1.1.1,340,Honduras,25+,15.1,15.9,17.8,22.1,21.5,21.0,17.3,12.9,12.0,9.9,11.6,na,15.6,13.5,12.2,12.5,14.0,13.6,12.8,na
1.1.1,356,India,15+,na,na,na,na,na,35.9,na,na,na,na,26.7,na,na,na,na,na,na,na,na,na
1.1.1,356,India,15+,40.6,39.7,39.6,38.8,38.0,na,35.3,33.6,32.4,31.4,na,21.9,20.1,17.7,15.8,13.6,11.6,10.0,8.4,na
1.1.1,356,India,15-24,na,na,na,na,na,37.8,na,na,na,na,30.6,na,na,na,na,na,na,na,na,na
1.1.1,356,India,15-24,42.3,41.5,41.4,40.6,39.9,na,37.6,36.3,35.6,35.0,na,25.9,24.0,21.6,19.6,17.2,14.9,13.0,11.3,na
1.1.1,356,India,25+,na,na,na,na,na,35.5,na,na,na,na,26.0,na,na,na,na,na,na,na,na,na
1.1.1,356,India,25+,40.1,39.3,39.2,38.3,37.6,na,34.8,33.0,31.8,30.7,na,21.2,19.4,17.1,15.2,13.1,11.1,9.5,8.1,na
1.1.1,360,Indonesia,15+,31.8,28.3,na,17.8,19.1,16.3,21.4,17.5,17.2,14.3,12.4,10.2,na,7.0,6.1,5.7,5.2,4.6,4.0,na
1.1.1,360,Indonesia,15-24,34.5,30.9,na,19.9,21.1,18.2,23.5,19.7,19.4,16.0,13.6,11.1,na,7.6,6.5,6.0,5.6,4.9,4.3,na
1.1.1,360,Indonesia,25+,31.2,27.6,na,17.3,18.6,15.9,20.9,17.1,16.8,14.0,12.1,10.1,na,7.0,6.0,5.6,5.1,4.6,4.0,na
1.1.1,364,Iran (Islamic Republic of),15+,1.0,0.6,0.5,0.3,0.3,0.2,0.2,0.2,0.3,0.3,0.2,0.2,0.1,0.0,0.1,0.1,0.1,0.1,0.1,na
1.1.1,364,Iran (Islamic Republic of),15-24,0.9,0.5,0.4,0.3,0.3,0.2,0.1,0.1,0.2,0.3,0.2,0.2,0.1,0.0,0.1,0.1,0.1,0.1,0.1,na
1.1.1,364,Iran (Islamic Republic of),25+,1.0,0.6,0.5,0.3,0.3,0.2,0.2,0.2,0.3,0.3,0.2,0.2,0.1,0.0,0.1,0.1,0.1,0.1,0.1,na
1.1.1,368,Iraq,15+,0.4,0.4,0.6,9.1,0.7,0.6,0.4,0.5,0.5,0.5,0.5,0.5,0.5,0.4,0.5,0.5,0.3,0.3,0.4,na
1.1.1,368,Iraq,15-24,0.4,0.5,0.7,9.3,0.7,0.7,0.5,0.5,0.5,0.5,0.5,0.5,0.4,0.3,0.4,0.4,0.2,0.3,0.3,na
1.1.1,368,Iraq,25+,0.3,0.4,0.6,9.1,0.7,0.6,0.4,0.5,0.4,0.5,0.5,0.5,0.5,0.4,0.5,0.5,0.3,0.4,0.4,na
1.1.1,388,Jamaica,15+,1.3,1.4,1.1,0.7,0.5,0.4,0.4,0.4,0.4,0.6,0.6,0.6,0.6,0.6,0.7,0.7,0.7,0.8,0.8,na
1.1.1,388,Jamaica,15-24,0.8,0.9,0.8,0.5,0.3,0.3,0.2,0.2,0.2,0.3,0.3,0.3,0.3,0.3,0.3,0.3,0.3,0.4,0.4,na
1.1.1,388,Jamaica,25+,1.4,1.4,1.2,0.8,0.5,0.5,0.5,0.5,0.5,0.6,0.7,0.6,0.7,0.7,0.7,0.7,0.8,0.9,0.9,na
1.1.1,400,Jordan,15+,0.9,0.8,na,0.8,0.5,0.4,0.4,0.2,0.1,0.2,0.2,0.2,0.1,0.1,0.2,0.2,0.3,0.3,0.2,na
1.1.1,400,Jordan,15-24,1.1,1.0,na,1.0,0.6,0.5,0.4,0.3,0.1,0.2,0.2,0.2,0.1,0.1,0.2,0.3,0.3,0.3,0.3,na
1.1.1,400,Jordan,25+,0.9,0.8,na,0.8,0.5,0.4,0.3,0.2,0.1,0.2,0.2,0.2,0.1,0.1,0.2,0.2,0.3,0.3,0.2,na
1.1.1,398,Kazakhstan,15+,7.3,6.7,4.0,na,0.8,na,0.1,0.1,0.0,0.0,0.0,0.0,0.0,0.0,0.0,0.0,0.0,0.0,0.0,na
1.1.1,398,Kazakhstan,15-24,10.4,9.4,5.6,na,1.2,na,0.2,0.1,0.0,0.0,0.0,0.0,0.0,0.0,0.0,0.0,0.0,0.0,0.0,na
1.1.1,398,Kazakhstan,25+,6.7,6.1,3.6,na,0.7,na,0.1,0.1,0.0,0.0,0.0,0.0,0.0,0.0,0.0,0.0,0.0,0.0,0.0,na
1.1.1,404,Kenya,15+,33.5,34.6,37.1,38.6,39.2,39.2,38.6,37.9,37.4,36.8,35.9,35.2,34.5,33.8,33.1,32.4,31.4,30.0,28.0,na
1.1.1,404,Kenya,15-24,39.5,40.6,43.1,44.7,45.3,45.4,44.9,44.2,43.8,43.2,42.5,41.8,41.2,40.5,39.9,39.2,38.2,36.9,34.9,na
1.1.1,404,Kenya,25+,31.4,32.5,35.1,36.7,37.3,37.3,36.8,36.1,35.6,35.0,34.2,33.4,32.8,32.1,31.4,30.7,29.7,28.3,26.4,na
1.1.1,417,Kyrgyzstan,15+,29.9,26.4,23.5,18.3,7.7,9.5,5.5,5.9,1.6,0.4,1.3,0.3,1.0,1.0,0.2,0.5,0.3,0.3,0.2,na
1.1.1,417,Kyrgyzstan,15-24,31.0,27.4,25.4,19.5,8.3,9.6,5.6,6.0,1.7,0.4,1.4,0.3,0.9,1.2,0.3,0.5,0.3,0.3,0.2,na
1.1.1,417,Kyrgyzstan,25+,29.6,26.1,23.1,18.0,7.5,9.5,5.4,5.8,1.6,0.4,1.3,0.3,1.0,1.0,0.2,0.5,0.3,0.3,0.2,na
1.1.1,432,Landlocked developing countries (LLDCs),15+,48.5,45.4,45.4,46.6,41.2,39.0,37.3,36.1,35.0,33.4,31.2,29.8,28.5,28.0,27.4,27.3,26.9,25.9,24.8,23.9
1.1.1,432,Landlocked developing countries (LLDCs),15-24,52.9,49.4,49.8,51.2,45.4,42.9,41.5,40.5,39.6,38.1,35.9,34.5,33.3,32.9,32.4,32.3,32.0,30.8,29.6,28.8
1.1.1,432,Landlocked developing countries (LLDCs),25+,46.8,43.8,43.7,44.7,39.6,37.5,35.7,34.4,33.2,31.6,29.5,28.0,26.7,26.2,25.6,25.5,25.1,24.1,23.1,22.3
1.1.1,418,Lao People's Democratic Republic,15+,39.1,35.4,31.9,28.6,26.4,25.3,24.9,25.7,23.8,23.6,22.0,22.1,20.7,19.5,17.8,16.5,15.3,10.1,8.8,na
1.1.1,418,Lao People's Democratic Republic,15-24,43.8,40.4,37.0,33.8,31.5,30.5,30.0,31.0,29.0,28.9,27.1,27.2,25.8,24.5,22.7,21.3,19.9,13.6,11.9,na
1.1.1,418,Lao People's Democratic Republic,25+,37.1,33.3,29.7,26.4,24.1,23.1,22.6,23.5,21.6,21.5,20.0,20.1,18.8,17.7,16.2,15.0,13.9,9.1,7.9,na
1.1.1,419,Latin America and the Caribbean,15+,8.7,8.5,8.2,7.7,6.7,6.5,5.2,4.6,4.2,4.0,3.6,3.3,2.9,2.6,2.5,2.5,2.7,2.9,3.0,3.1
1.1.1,419,Latin America and the Caribbean,15-24,10.6,10.2,9.7,9.2,8.6,8.3,6.7,5.8,5.2,4.8,4.2,3.8,3.4,2.9,2.7,2.6,2.8,3.0,3.0,3.0
1.1.1,419,Latin America and the Caribbean,25+,8.2,8.1,7.8,7.3,6.2,6.1,4.8,4.3,4.0,3.9,3.5,3.2,2.8,2.6,2.5,2.5,2.7,2.9,3.0,3.1
1.1.1,199,Least Developed Countries (LDCs),15+,58.2,56.2,55.5,54.6,50.5,47.6,45.4,43.4,41.6,40.4,38.6,37.1,35.5,34.6,33.8,33.6,33.3,32.2,31.2,30.5
1.1.1,199,Least Developed Countries (LDCs),15-24,60.3,58.0,57.3,56.6,52.4,49.7,47.7,45.9,44.3,43.1,41.4,40.2,38.8,38.2,37.6,37.4,37.2,36.2,35.3,34.8
1.1.1,199,Least Developed Countries (LDCs),25+,57.4,55.4,54.7,53.8,49.7,46.7,44.6,42.4,40.6,39.4,37.6,36.0,34.3,33.3,32.5,32.3,32.0,30.9,29.8,29.2
1.1.1,422,Lebanon,15+,0.1,0.1,0.1,0.1,0.1,0.1,0.1,0.1,0.1,0.1,0.1,0.1,0.1,0.1,0.1,0.1,0.1,0.1,0.1,na
1.1.1,422,Lebanon,15-24,0.1,0.1,0.1,0.1,0.1,0.1,0.1,0.1,0.1,0.1,0.1,0.1,0.1,0.1,0.1,0.1,0.1,0.1,0.1,na
1.1.1,422,Lebanon,25+,0.1,0.1,0.1,0.1,0.1,0.1,0.1,0.1,0.1,0.1,0.1,0.1,0.1,0.1,0.1,0.1,0.1,0.1,0.1,na
1.1.1,426,Lesotho,15+,na,na,50.5,na,na,na,na,na,na,na,na,na,na,na,na,na,na,na,na,na
1.1.1,426,Lesotho,15+,48.2,48.9,na,49.9,47.9,44.6,41.4,38.1,33.6,32.1,28.5,25.0,22.0,21.0,19.5,19.2,17.3,17.6,17.4,na
1.1.1,426,Lesotho,15-24,na,na,56.2,na,na,na,na,na,na,na,na,na,na,na,na,na,na,na,na,na
1.1.1,426,Lesotho,15-24,54.2,54.8,na,55.6,53.7,50.6,47.5,44.4,40.1,38.6,34.8,31.0,27.8,26.7,24.9,24.7,22.4,22.7,22.5,na
1.1.1,426,Lesotho,25+,na,na,48.5,na,na,na,na,na,na,na,na,na,na,na,na,na,na,na,na,na
1.1.1,426,Lesotho,25+,46.2,46.9,na,47.9,45.9,42.6,39.4,36.1,31.7,30.3,26.8,23.4,20.6,19.7,18.3,18.1,16.3,16.5,16.4,na
1.1.1,430,Liberia,15+,na,na,na,na,na,na,na,71.8,na,na,na,na,na,na,na,na,na,na,na,na
1.1.1,430,Liberia,15+,56.7,56.9,55.9,78.7,78.2,76.9,74.7,na,68.0,66.6,62.5,55.4,47.2,43.1,41.8,42.6,44.4,44.5,45.1,na
1.1.1,430,Liberia,15-24,na,na,na,na,na,na,na,75.9,na,na,na,na,na,na,na,na,na,na,na,na
1.1.1,430,Liberia,15-24,62.2,62.5,61.6,81.6,81.1,80.1,78.3,na,72.5,71.2,67.6,61.3,53.9,49.9,48.6,49.3,50.8,50.9,51.6,na
1.1.1,430,Liberia,25+,na,na,na,na,na,na,na,70.4,na,na,na,na,na,na,na,na,na,na,na,na
1.1.1,430,Liberia,25+,54.7,54.9,53.9,77.7,77.2,75.8,73.4,na,66.5,65.0,60.8,53.5,45.0,40.9,39.5,40.4,42.3,42.4,43.0,na
1.1.1,450,Madagascar,15+,na,na,na,na,na,68.3,na,na,na,na,na,na,na,na,na,na,na,na,na,na
1.1.1,450,Madagascar,15+,62.2,64.3,71.8,69.4,68.7,na,68.9,68.7,68.4,73.7,76.3,75.8,74.9,75.1,74.9,74.8,74.3,73.8,72.9,na
1.1.1,450,Madagascar,15-24,na,na,na,na,na,72.6,na,na,na,na,na,na,na,na,na,na,na,na,na,na
1.1.1,450,Madagascar,15-24,67.3,69.4,75.8,73.7,73.0,na,73.2,72.9,72.7,77.4,79.7,79.2,78.4,78.5,78.4,78.3,77.9,77.5,76.7,na
1.1.1,450,Madagascar,25+,na,na,na,na,na,66.4,na,na,na,na,na,na,na,na,na,na,na,na,na,na
1.1.1,450,Madagascar,25+,60.0,62.2,70.0,67.6,66.9,na,67.1,66.8,66.6,72.1,74.8,74.3,73.3,73.5,73.3,73.2,72.7,72.3,71.3,na
1.1.1,454,Malawi,15+,na,na,na,na,70.5,na,na,na,na,na,na,na,na,na,na,na,na,na,na,na
1.1.1,454,Malawi,15+,55.3,68.8,70.5,70.2,na,70.7,70.5,70.0,69.6,69.3,69.0,68.2,69.5,68.5,66.6,67.1,67.7,67.0,66.3,na
1.1.1,454,Malawi,15-24,na,na,na,na,70.0,na,na,na,na,na,na,na,na,na,na,na,na,na,na,na
1.1.1,454,Malawi,15-24,56.0,68.4,70.0,69.8,na,70.3,70.1,69.7,69.5,69.2,68.9,68.2,69.5,68.4,66.6,67.0,67.6,66.8,66.2,na
1.1.1,454,Malawi,25+,na,na,na,na,70.7,na,na,na,na,na,na,na,na,na,na,na,na,na,na,na
1.1.1,454,Malawi,25+,55.1,68.9,70.7,70.4,na,70.9,70.6,70.1,69.7,69.3,69.0,68.2,69.5,68.5,66.6,67.1,67.8,67.1,66.4,na
1.1.1,458,Malaysia,15+,0.2,0.2,0.2,0.2,0.1,0.1,0.2,0.2,0.2,0.1,0.1,0.0,0.0,0.0,0.0,0.0,0.0,0.0,0.0,na
1.1.1,458,Malaysia,15-24,0.2,0.2,0.2,0.2,0.1,0.2,0.2,0.2,0.2,0.2,0.1,0.0,0.0,0.0,0.0,0.0,0.0,0.0,0.0,na
1.1.1,458,Malaysia,25+,0.2,0.2,0.2,0.2,0.1,0.1,0.2,0.1,0.1,0.1,0.1,0.0,0.0,0.0,0.0,0.0,0.0,0.0,0.0,na
1.1.1,462,Maldives,15+,3.7,5.1,4.2,2.7,2.0,5.1,1.6,1.3,0.8,1.5,0.5,0.0,0.1,0.0,0.0,0.0,0.1,0.1,0.1,na
1.1.1,462,Maldives,15-24,4.5,6.1,5.1,3.3,2.5,6.4,2.2,1.7,1.1,2.1,0.7,0.1,0.1,0.0,0.0,0.0,0.1,0.1,0.1,na
1.1.1,462,Maldives,25+,3.4,4.7,3.9,2.4,1.8,4.7,1.5,1.1,0.7,1.3,0.4,0.0,0.1,0.0,0.0,0.0,0.1,0.1,0.1,na
1.1.1,466,Mali,15+,na,na,na,na,na,na,51.7,na,na,na,na,na,na,na,na,na,na,na,na,na
1.1.1,466,Mali,15+,73.8,59.3,59.2,54.3,55.8,53.1,na,52.0,51.5,50.7,49.8,49.8,52.1,52.4,49.9,48.2,46.0,44.2,43.1,na
1.1.1,466,Mali,15-24,na,na,na,na,na,na,55.5,na,na,na,na,na,na,na,na,na,na,na,na,na
1.1.1,466,Mali,15-24,75.0,62.0,61.9,57.6,59.1,56.8,na,55.6,55.0,54.1,53.2,53.1,55.1,55.4,53.2,52.0,50.0,48.2,47.2,na
1.1.1,466,Mali,25+,na,na,na,na,na,na,50.1,na,na,na,na,na,na,na,na,na,na,na,na,na
1.1.1,466,Mali,25+,73.3,58.1,58.0,52.8,54.4,51.6,na,50.4,50.1,49.3,48.4,48.3,50.7,51.1,48.5,46.7,44.5,42.6,41.4,na
1.1.1,478,Mauritania,15+,15.9,15.2,15.0,14.1,11.3,10.3,6.5,6.8,7.7,8.2,7.1,6.2,5.2,4.3,3.6,4.0,4.0,4.0,3.9,na
1.1.1,478,Mauritania,15-24,20.2,19.4,19.2,18.2,14.8,13.7,8.9,9.4,10.5,11.3,9.8,8.7,7.4,6.1,5.1,5.8,5.9,5.9,5.8,na
1.1.1,478,Mauritania,25+,14.1,13.5,13.4,12.6,10.0,9.1,5.7,6.1,6.9,7.4,6.4,5.6,4.8,3.9,3.3,3.7,3.7,3.7,3.6,na
1.1.1,480,Mauritius,15+,0.3,0.3,0.3,0.2,0.2,0.2,0.2,0.1,0.1,0.1,0.1,0.1,0.2,0.1,0.1,0.1,0.1,0.1,0.1,na
1.1.1,480,Mauritius,15-24,0.4,0.4,0.4,0.3,0.3,0.3,0.2,0.2,0.2,0.2,0.2,0.2,0.2,0.2,0.2,0.2,0.1,0.1,0.1,na
1.1.1,480,Mauritius,25+,0.3,0.2,0.2,0.2,0.2,0.2,0.1,0.1,0.1,0.1,0.1,0.1,0.2,0.1,0.1,0.1,0.1,0.1,0.1,na
1.1.1,484,Mexico,15+,6.6,5.6,4.7,4.5,na,4.5,2.3,2.4,2.8,3.3,na,2.5,2.2,2.4,2.7,2.1,1.5,na,na,na
1.1.1,484,Mexico,15-24,11.1,9.4,7.5,7.1,na,6.7,3.2,3.2,3.2,3.1,na,2.0,1.8,1.9,2.0,1.6,1.1,na,na,na
1.1.1,484,Mexico,25+,5.1,4.4,3.9,3.8,na,3.8,2.0,2.2,2.7,3.3,na,2.6,2.2,2.6,2.9,2.3,1.6,na,na,na
1.1.1,496,Mongolia,15+,14.5,11.0,na,5.0,2.8,1.8,0.8,0.4,0.3,0.3,0.2,0.1,0.1,0.1,0.1,0.1,0.1,0.2,0.1,na
1.1.1,496,Mongolia,15-24,19.1,14.7,na,6.9,4.0,2.6,1.2,0.6,0.4,0.4,0.3,0.2,0.1,0.1,0.1,0.1,0.2,0.2,0.2,na
1.1.1,496,Mongolia,25+,13.4,10.0,na,4.5,2.6,1.6,0.7,0.4,0.3,0.3,0.2,0.1,0.1,0.1,0.1,0.1,0.1,0.1,0.1,na
1.1.1,499,Montenegro,15+,0.1,0.1,0.1,0.1,0.1,0.1,0.1,0.1,0.1,0.1,0.1,0.1,0.4,0.3,0.1,na,na,na,na,na
1.1.1,499,Montenegro,15-24,0.1,0.1,0.1,0.1,0.1,0.1,0.1,0.1,0.1,0.1,0.1,0.1,0.5,0.4,0.1,na,na,na,na,na
1.1.1,499,Montenegro,25+,0.1,0.1,0.1,0.1,0.1,0.1,0.1,0.1,0.1,0.1,0.1,0.1,0.3,0.3,0.1,na,na,na,na,na
1.1.1,504,Morocco,15+,5.3,5.0,4.7,4.1,4.0,3.8,2.9,2.6,1.9,1.8,1.6,1.4,1.1,1.0,0.8,0.7,0.6,0.4,0.3,na
1.1.1,504,Morocco,15-24,5.9,5.5,5.1,4.6,4.6,4.4,3.1,2.9,2.1,2.0,1.7,1.4,1.2,1.0,0.9,0.7,0.5,0.4,0.3,na
1.1.1,504,Morocco,25+,5.1,4.9,4.6,4.0,3.9,3.6,2.8,2.5,1.9,1.8,1.6,1.3,1.1,1.0,0.8,0.7,0.6,0.4,0.3,na
1.1.1,508,Mozambique,15+,na,na,na,78.5,na,na,na,na,na,na,na,na,na,na,na,na,na,na,na,na
1.1.1,508,Mozambique,15+,80.9,79.9,79.4,na,76.8,75.7,73.0,70.9,68.8,67.1,65.9,64.1,62.6,61.7,60.7,59.5,59.0,58.6,58.4,na
1.1.1,508,Mozambique,15-24,na,na,na,78.1,na,na,na,na,na,na,na,na,na,na,na,na,na,na,na,na
1.1.1,508,Mozambique,15-24,80.6,79.6,78.9,na,76.4,75.3,72.7,70.7,68.8,67.1,66.0,64.4,63.0,62.2,61.3,60.3,59.8,59.4,59.2,na
1.1.1,508,Mozambique,25+,na,na,na,78.7,na,na,na,na,na,na,na,na,na,na,na,na,na,na,na,na
1.1.1,508,Mozambique,25+,81.0,80.1,79.5,na,77.0,75.8,73.1,70.9,68.9,67.1,65.9,64.0,62.5,61.5,60.4,59.2,58.7,58.3,58.1,na
1.1.1,104,Myanmar,15+,79.0,74.4,67.9,58.9,51.0,42.1,33.9,26.6,21.2,16.2,12.7,11.0,9.3,7.5,5.9,4.9,3.3,1.6,1.2,na
1.1.1,104,Myanmar,15-24,78.1,73.5,67.7,59.2,52.3,44.4,36.8,29.8,24.4,19.2,15.3,13.5,11.6,9.5,7.6,6.4,4.3,2.1,1.6,na
1.1.1,104,Myanmar,25+,79.5,74.8,68.0,58.8,50.4,41.2,32.7,25.3,20.1,15.2,11.8,10.2,8.6,6.9,5.4,4.4,3.0,1.5,1.1,na
1.1.1,516,Namibia,15+,29.6,29.8,28.2,27.1,22.6,21.8,19.5,17.8,17.0,na,14.6,12.9,11.6,10.1,8.7,7.7,7.5,8.4,9.2,na
1.1.1,516,Namibia,15-24,36.9,37.1,35.3,34.1,29.3,28.5,25.8,23.7,22.9,na,20.0,17.8,16.1,14.2,12.4,11.0,10.9,12.2,13.4,na
1.1.1,516,Namibia,25+,28.3,28.5,26.9,25.8,21.4,20.7,18.5,16.8,16.1,na,13.8,12.1,10.9,9.4,8.1,7.1,7.0,7.8,8.6,na
1.1.1,524,Nepal,15+,na,na,na,45.4,na,na,na,na,na,na,13.0,na,na,na,na,na,na,na,na,na
1.1.1,524,Nepal,15+,46.5,44.1,47.0,na,42.7,38.5,32.4,28.7,26.6,20.4,na,12.7,7.2,6.2,5.5,5.0,5.4,5.1,5.0,na
1.1.1,524,Nepal,15-24,na,na,na,45.9,na,na,na,na,na,na,12.9,na,na,na,na,na,na,na,na,na
1.1.1,524,Nepal,15-24,46.6,44.4,47.3,na,42.9,38.5,32.4,28.5,26.3,20.2,na,12.7,7.2,6.3,5.6,5.1,5.4,5.1,5.0,na
1.1.1,524,Nepal,25+,na,na,na,45.3,na,na,na,na,na,na,13.0,na,na,na,na,na,na,na,na,na
1.1.1,524,Nepal,25+,46.5,44.0,46.9,na,42.6,38.5,32.5,28.7,26.6,20.4,na,12.6,7.2,6.2,5.5,5.0,5.3,5.1,5.0,na
1.1.1,558,Nicaragua,15+,14.1,na,13.8,13.9,13.8,na,na,na,na,na,na,na,na,na,na,na,na,na,na,na
1.1.1,558,Nicaragua,15-24,18.9,na,18.2,18.4,18.4,na,na,na,na,na,na,na,na,na,na,na,na,na,na,na
1.1.1,558,Nicaragua,25+,12.2,na,12.1,12.3,12.2,na,na,na,na,na,na,na,na,na,na,na,na,na,na,na
1.1.1,562,Niger,15+,na,na,na,na,na,72.1,na,na,na,na,na,na,na,na,na,na,na,na,na,na
1.1.1,562,Niger,15+,76.1,74.1,73.6,72.3,73.1,na,70.4,70.3,62.8,59.6,51.4,46.6,42.4,43.6,42.9,42.5,41.8,41.1,39.9,na
1.1.1,562,Niger,15-24,na,na,na,na,na,74.1,na,na,na,na,na,na,na,na,na,na,na,na,na,na
1.1.1,562,Niger,15-24,77.6,75.9,75.4,74.3,75.0,na,72.5,72.4,65.3,62.2,54.2,49.4,45.6,46.8,46.3,46.0,45.3,44.7,43.5,na
1.1.1,562,Niger,25+,na,na,na,na,na,71.3,na,na,na,na,na,na,na,na,na,na,na,na,na,na
1.1.1,562,Niger,25+,75.4,73.4,72.8,71.5,72.4,na,69.4,69.3,61.7,58.3,50.0,45.2,40.9,42.0,41.3,40.9,40.1,39.4,38.2,na
1.1.1,566,Nigeria,15+,na,na,na,na,49.6,na,na,na,na,na,na,na,40.2,na,na,na,na,na,na,na
1.1.1,566,Nigeria,15+,62.1,61.2,55.3,52.9,na,50.6,50.6,50.5,50.4,50.3,48.2,42.6,na,39.8,36.2,34.8,35.6,34.8,33.5,na
1.1.1,566,Nigeria,15-24,na,na,na,na,59.3,na,na,na,na,na,na,na,50.7,na,na,na,na,na,na,na
1.1.1,566,Nigeria,15-24,69.2,68.5,64.0,62.0,na,59.9,59.8,59.6,59.4,59.2,57.4,52.7,na,50.8,47.3,45.5,45.7,44.7,43.2,na
1.1.1,566,Nigeria,25+,na,na,na,na,47.6,na,na,na,na,na,na,na,38.3,na,na,na,na,na,na,na
1.1.1,566,Nigeria,25+,60.6,59.8,53.6,51.1,na,48.7,48.7,48.7,48.6,48.5,46.3,40.6,na,38.1,34.2,32.7,33.3,32.5,31.3,na
1.1.1,807,North Macedonia,15+,na,na,na,na,na,na,na,na,na,5.9,6.5,5.4,3.5,2.3,1.7,2.6,1.6,1.8,1.8,na
1.1.1,807,North Macedonia,15-24,na,na,na,na,na,na,na,na,na,8.1,8.6,7.1,4.7,3.1,2.2,3.4,2.0,2.3,2.1,na
1.1.1,807,North Macedonia,25+,na,na,na,na,na,na,na,na,na,5.7,6.3,5.2,3.4,2.2,1.7,2.5,1.6,1.8,1.7,na
1.1.1,15,Northern Africa,15+,6.2,5.9,5.8,5.6,5.7,5.2,4.5,4.0,3.6,3.1,2.9,2.3,1.7,1.7,1.8,1.6,1.6,1.8,2.2,2.3
1.1.1,15,Northern Africa,15-24,5.9,5.7,5.5,5.4,5.5,5.1,4.4,4.1,3.8,3.1,2.7,2.2,1.7,1.7,1.7,1.6,1.7,1.9,2.5,2.5
1.1.1,15,Northern Africa,25+,6.2,6.0,5.9,5.7,5.7,5.3,4.5,4.0,3.6,3.2,2.9,2.3,1.8,1.7,1.8,1.6,1.6,1.8,2.2,2.2
1.1.1,747,Northern Africa and Western Asia,15+,3.5,3.5,3.3,3.9,3.2,3.0,2.6,2.3,2.0,1.8,1.7,1.6,1.3,1.3,1.5,1.9,2.4,3.1,3.6,3.8
1.1.1,747,Northern Africa and Western Asia,15-24,3.2,3.3,3.2,4.1,3.2,3.0,2.6,2.5,2.2,1.9,1.7,1.7,1.5,1.5,1.7,2.3,3.2,4.1,4.9,5.1
1.1.1,747,Northern Africa and Western Asia,25+,3.5,3.6,3.4,3.9,3.2,3.0,2.6,2.3,2.0,1.8,1.7,1.5,1.3,1.3,1.4,1.8,2.3,2.9,3.5,3.6
1.1.1,21,Northern America,15+,0.0,0.0,0.0,0.0,0.0,0.0,0.0,0.0,0.0,0.0,0.0,0.0,0.0,0.0,0.0,0.0,0.0,0.0,0.0,0.0
1.1.1,21,Northern America,15-24,0.0,0.0,0.0,0.0,0.0,0.0,0.0,0.0,0.0,0.0,0.0,0.0,0.0,0.0,0.0,0.0,0.0,0.0,0.0,0.0
1.1.1,21,Northern America,25+,0.0,0.0,0.0,0.0,0.0,0.0,0.0,0.0,0.0,0.0,0.0,0.0,0.0,0.0,0.0,0.0,0.0,0.0,0.0,0.0
1.1.1,9,Oceania,15+,9.8,9.7,9.5,9.1,8.7,7.9,7.2,6.3,6.1,5.6,4.8,4.8,4.7,4.6,4.0,3.6,3.6,3.5,3.6,3.4
1.1.1,9,Oceania,15-24,15.2,15.2,14.8,14.1,13.4,12.4,11.3,10.1,9.8,9.4,8.6,8.6,8.5,8.5,7.5,6.9,6.9,6.9,7.2,6.9
1.1.1,9,Oceania,25+,8.5,8.5,8.3,7.9,7.5,6.9,6.2,5.4,5.2,4.7,4.0,4.0,3.9,3.8,3.3,3.0,2.9,2.8,2.9,2.8
1.1.1,543,Oceania (exc. Australia and New Zealand),15+,41.3,41.5,41.2,40.1,38.8,36.5,33.9,30.7,30.4,28.1,24.9,24.6,24.0,23.6,20.4,18.4,18.0,17.6,18.3,17.4
1.1.1,543,Oceania (exc. Australia and New Zealand),15-24,48.5,49.0,49.0,48.3,47.5,45.8,43.6,40.8,40.8,38.6,35.4,35.2,34.4,33.8,30.0,27.5,27.0,26.5,27.4,26.2
1.1.1,543,Oceania (exc. Australia and New Zealand),25+,38.8,39.0,38.6,37.4,36.1,33.7,30.9,27.7,27.4,25.0,21.9,21.7,21.2,20.7,17.8,15.9,15.6,15.2,15.9,15.0
1.1.1,586,Pakistan,15+,18.4,23.6,24.3,24.4,20.2,na,13.6,11.8,10.2,9.9,8.3,7.1,6.0,6.0,4.5,4.6,3.2,2.0,1.3,na
1.1.1,586,Pakistan,15-24,18.3,23.4,24.1,24.4,20.1,na,13.8,12.1,10.4,10.2,8.5,7.4,6.3,6.3,4.8,5.0,3.4,2.2,1.5,na
1.1.1,586,Pakistan,25+,18.5,23.6,24.3,24.5,20.2,na,13.6,11.7,10.1,9.8,8.2,7.0,5.9,5.9,4.5,4.5,3.1,2.0,1.3,na
1.1.1,591,Panama,15+,8.8,11.5,7.9,7.9,7.0,7.0,7.4,5.0,3.0,1.5,2.5,1.2,2.2,1.1,1.7,0.6,0.8,1.0,0.5,na
1.1.1,591,Panama,15-24,14.3,18.2,12.6,12.8,11.4,11.2,11.4,8.1,5.2,2.4,3.8,1.7,3.4,1.7,2.4,0.8,1.1,1.3,0.7,na
1.1.1,591,Panama,25+,7.3,9.7,6.7,6.6,6.0,6.0,6.5,4.3,2.5,1.3,2.2,1.1,1.9,1.0,1.6,0.5,0.8,1.0,0.5,na
1.1.1,598,Papua New Guinea,15+,52.7,52.8,52.5,51.4,50.0,47.3,44.2,40.4,40.7,37.5,33.6,33.7,32.9,32.2,27.3,24.2,23.7,22.9,23.9,na
1.1.1,598,Papua New Guinea,15-24,57.9,58.3,58.3,57.7,57.0,55.0,52.7,49.7,50.3,47.5,43.9,44.2,43.2,42.5,37.3,33.8,33.2,32.4,33.5,na
1.1.1,598,Papua New Guinea,25+,50.7,50.8,50.4,49.1,47.7,44.7,41.3,37.4,37.6,34.3,30.4,30.5,29.7,29.0,24.3,21.4,20.9,20.2,21.2,na
1.1.1,600,Paraguay,15+,na,3.6,na,na,na,na,na,na,na,na,na,3.1,2.0,na,na,na,na,na,na,na
1.1.1,600,Paraguay,15+,6.4,na,9.0,4.9,3.1,3.3,4.7,4.5,1.5,3.0,2.5,na,na,0.5,0.6,0.5,0.4,0.3,0.4,na
1.1.1,600,Paraguay,15-24,na,5.4,na,na,na,na,na,na,na,na,na,3.7,2.5,na,na,na,na,na,na,na
1.1.1,600,Paraguay,15-24,9.5,na,13.2,6.6,4.5,4.5,6.4,6.2,2.1,4.2,3.3,na,na,0.6,0.7,0.5,0.5,0.3,0.5,na
1.1.1,600,Paraguay,25+,na,2.9,na,na,na,na,na,na,na,na,na,2.9,1.9,na,na,na,na,na,na,na
1.1.1,600,Paraguay,25+,5.2,na,7.5,4.3,2.6,2.9,4.1,4.0,1.3,2.5,2.3,na,na,0.4,0.6,0.5,0.4,0.3,0.4,na
1.1.1,604,Peru,15+,na,na,na,10.9,na,na,15.9,na,na,na,na,na,na,na,na,na,na,na,na,na
1.1.1,604,Peru,15+,16.1,17.1,15.3,na,14.2,15.6,na,12.0,10.3,8.3,6.5,6.2,5.7,5.1,4.4,4.3,4.2,4.0,3.2,na
1.1.1,604,Peru,15-24,na,na,na,13.5,na,na,17.9,na,na,na,na,na,na,na,na,na,na,na,na,na
1.1.1,604,Peru,15-24,16.7,18.1,18.3,na,17.1,17.7,na,14.2,12.5,10.3,8.2,7.5,6.9,6.2,5.0,4.6,4.3,4.3,3.4,na
1.1.1,604,Peru,25+,na,na,na,10.1,na,na,15.3,na,na,na,na,na,na,na,na,na,na,na,na,na
1.1.1,604,Peru,25+,15.9,16.8,14.3,na,13.2,15.0,na,11.3,9.6,7.7,6.0,5.8,5.3,4.9,4.2,4.2,4.1,4.0,3.1,na
1.1.1,608,Philippines,15+,11.1,10.9,10.5,na,9.4,9.2,na,8.4,8.2,na,7.7,7.3,na,6.3,5.9,5.4,4.1,3.2,2.6,na
1.1.1,608,Philippines,15-24,13.1,12.9,12.4,na,11.3,11.1,na,10.3,9.9,na,9.5,9.0,na,7.8,7.4,6.7,5.1,4.1,3.3,na
1.1.1,608,Philippines,25+,10.6,10.3,10.0,na,8.9,8.7,na,8.0,7.8,na,7.3,6.9,na,5.9,5.6,5.1,3.9,3.1,2.4,na
1.1.1,410,Republic of Korea,15+,0.0,0.0,0.0,0.0,0.0,0.0,0.0,0.0,0.0,0.0,0.0,0.0,0.0,0.0,0.0,0.0,0.0,0.0,0.0,na
1.1.1,410,Republic of Korea,15-24,0.0,0.0,0.0,0.0,0.0,0.0,0.0,0.0,0.0,0.0,0.0,0.0,0.0,0.0,0.0,0.0,0.0,0.0,0.0,na
1.1.1,410,Republic of Korea,25+,0.0,0.0,0.0,0.0,0.0,0.0,0.0,0.0,0.0,0.0,0.0,0.0,0.0,0.0,0.0,0.0,0.0,0.0,0.0,na
1.1.1,498,Republic of Moldova,15+,29.0,21.7,12.2,4.7,5.5,9.9,0.7,0.3,0.4,0.3,0.1,0.1,0.1,0.0,0.1,0.0,0.1,0.0,0.0,na
1.1.1,498,Republic of Moldova,15-24,36.1,28.0,16.5,6.6,7.7,13.7,1.0,0.4,0.5,0.4,0.2,0.1,0.1,0.0,0.1,0.0,0.1,0.0,0.0,na
1.1.1,498,Republic of Moldova,25+,28.1,20.9,11.7,4.5,5.3,9.4,0.6,0.3,0.3,0.3,0.1,0.1,0.1,0.0,0.1,0.0,0.0,0.0,0.0,na
1.1.1,643,Russian Federation,15+,0.9,0.5,0.3,0.3,0.3,0.2,0.1,0.1,0.0,0.0,0.0,0.0,0.0,0.0,0.0,0.0,0.0,0.0,0.0,na
1.1.1,643,Russian Federation,15-24,1.3,0.8,0.5,0.5,0.4,0.3,0.2,0.1,0.0,0.0,0.0,0.0,0.0,0.0,0.0,0.0,0.0,0.0,0.0,na
1.1.1,643,Russian Federation,25+,0.8,0.5,0.3,0.3,0.3,0.2,0.1,0.1,0.0,0.0,0.0,0.0,0.0,0.0,0.0,0.0,0.0,0.0,0.0,na
1.1.1,646,Rwanda,15+,78.4,76.6,73.2,73.0,71.1,68.8,66.5,65.1,63.4,62.3,60.9,59.1,56.6,55.1,53.5,52.1,51.9,51.7,48.1,na
1.1.1,646,Rwanda,15-24,79.7,78.0,75.0,74.8,73.1,71.0,68.9,67.6,66.0,65.0,63.8,62.1,59.9,58.6,57.2,55.9,55.8,55.6,52.4,na
1.1.1,646,Rwanda,25+,77.8,75.9,72.3,72.1,70.1,67.7,65.3,63.9,62.2,61.1,59.8,57.8,55.3,53.8,52.2,50.7,50.6,50.4,46.6,na
1.1.1,686,Senegal,15+,52.0,na,50.2,46.8,43.3,40.5,39.7,39.0,38.2,39.1,38.7,39.3,38.6,38.6,36.9,35.3,33.3,31.7,29.9,na
1.1.1,686,Senegal,15-24,58.1,na,56.5,53.5,50.3,47.8,47.1,46.5,45.8,46.9,46.6,47.3,46.9,47.1,45.8,44.3,42.3,40.5,38.9,na
1.1.1,686,Senegal,25+,49.4,na,47.6,44.1,40.5,37.7,36.9,36.3,35.4,36.4,36.0,36.7,36.0,36.0,34.4,32.7,30.8,29.2,27.5,na
1.1.1,688,Serbia,15+,0.3,0.3,0.2,0.5,0.6,0.5,0.2,na,0.0,0.0,0.0,0.0,na,0.1,na,0.0,na,na,0.0,na
1.1.1,688,Serbia,15-24,1.0,0.9,0.5,1.4,1.9,1.5,0.6,na,0.1,0.1,0.1,0.1,na,0.2,na,0.1,na,na,0.0,na
1.1.1,688,Serbia,25+,0.2,0.2,0.1,0.3,0.5,0.4,0.2,na,0.0,0.0,0.0,0.0,na,0.1,na,0.0,na,na,0.0,na
1.1.1,694,Sierra Leone,15+,na,na,na,75.3,na,na,na,na,na,na,na,na,na,na,na,na,na,na,na,na
1.1.1,694,Sierra Leone,15+,81.7,84.6,77.5,na,73.5,72.7,71.8,67.1,64.5,63.1,59.2,55.5,42.3,34.0,32.3,50.5,46.9,44.9,44.0,na
1.1.1,694,Sierra Leone,15-24,na,na,na,79.7,na,na,na,na,na,na,na,na,na,na,na,na,na,na,na,na
1.1.1,694,Sierra Leone,15-24,84.9,87.0,81.5,na,78.0,77.3,76.6,72.6,70.5,69.4,66.2,63.3,52.2,44.6,43.1,59.6,56.6,55.0,54.1,na
1.1.1,694,Sierra Leone,25+,na,na,na,74.0,na,na,na,na,na,na,na,na,na,na,na,na,na,na,na,na
1.1.1,694,Sierra Leone,25+,80.8,84.0,76.3,na,72.2,71.4,70.5,65.5,62.9,61.5,57.5,53.7,40.1,31.7,30.1,48.7,45.0,43.0,42.0,na
1.1.1,722,Small island developing States (SIDS),15+,13.0,12.7,12.8,12.7,12.6,11.8,11.2,10.4,10.4,9.9,9.5,9.4,9.3,9.1,8.6,8.4,8.4,8.3,8.4,8.3
1.1.1,722,Small island developing States (SIDS),15-24,17.7,17.5,17.7,17.7,17.7,16.7,15.9,14.8,14.7,14.2,13.3,13.4,13.3,13.2,12.3,11.8,11.8,11.6,11.9,11.8
1.1.1,722,Small island developing States (SIDS),25+,12.0,11.7,11.8,11.7,11.6,10.9,10.3,9.6,9.6,9.1,8.8,8.7,8.6,8.4,8.0,7.9,7.9,7.8,7.9,7.8
1.1.1,90,Solomon Islands,15+,38.1,43.9,46.9,45.0,43.8,42.1,39.4,35.7,32.9,33.8,30.8,25.9,23.9,22.5,22.7,22.7,22.4,22.0,21.6,na
1.1.1,90,Solomon Islands,15-24,43.9,49.0,51.5,49.9,49.0,47.5,45.0,41.6,38.8,39.7,36.6,31.5,29.3,27.6,27.8,27.8,27.6,27.0,26.6,na
1.1.1,90,Solomon Islands,25+,35.6,41.7,44.9,43.0,41.6,39.9,37.2,33.4,30.6,31.6,28.7,23.9,22.0,20.6,20.8,20.8,20.6,20.1,19.7,na
1.1.1,710,South Africa,15+,na,20.0,18.5,18.0,15.6,11.9,7.5,6.4,4.8,4.7,4.5,na,4.7,4.9,5.2,5.8,6.1,6.1,6.3,na
1.1.1,710,South Africa,15-24,na,28.3,26.2,25.0,21.3,16.1,10.0,8.3,6.0,5.8,5.4,na,5.4,5.5,5.9,6.6,7.0,7.0,7.2,na
1.1.1,710,South Africa,25+,na,18.8,17.5,17.1,14.8,11.3,7.2,6.1,4.6,4.6,4.4,na,4.7,4.8,5.1,5.7,6.0,6.0,6.2,na
1.1.1,35,South-Eastern Asia,15+,29.5,27.7,23.7,20.8,19.2,16.9,17.2,14.8,13.8,11.5,8.9,7.8,6.5,5.6,5.0,4.5,3.8,3.3,2.9,2.5
1.1.1,35,South-Eastern Asia,15-24,36.5,34.5,30.7,27.4,25.1,22.6,22.1,19.6,18.2,15.2,11.7,10.3,8.7,7.7,6.8,6.1,5.2,4.5,3.9,3.4
1.1.1,35,South-Eastern Asia,25+,27.6,25.8,21.8,19.1,17.7,15.6,16.0,13.7,12.8,10.7,8.4,7.3,6.1,5.2,4.6,4.2,3.6,3.1,2.7,2.4
1.1.1,34,Southern Asia,15+,36.3,35.9,35.9,35.1,33.8,31.3,30.5,28.8,27.6,26.5,22.6,18.9,17.2,15.3,13.7,12.0,10.4,8.8,7.4,6.7
1.1.1,34,Southern Asia,15-24,37.0,36.7,36.8,35.9,34.5,31.9,31.3,29.8,29.0,28.0,24.3,20.9,19.2,17.5,15.9,14.3,12.6,10.8,9.2,8.5
1.1.1,34,Southern Asia,25+,36.1,35.7,35.7,34.8,33.6,31.1,30.3,28.5,27.3,26.2,22.2,18.4,16.7,14.9,13.3,11.6,10.0,8.5,7.1,6.4
1.1.1,144,Sri Lanka,15+,7.2,7.8,na,5.2,4.6,4.3,3.5,3.1,2.3,2.3,2.0,1.8,1.7,1.5,1.3,1.0,0.7,0.6,0.5,na
1.1.1,144,Sri Lanka,15-24,7.6,8.3,na,5.7,5.1,4.8,3.9,3.3,2.5,2.6,2.2,2.0,1.9,1.7,1.5,1.1,0.8,0.7,0.6,na
1.1.1,144,Sri Lanka,25+,7.1,7.7,na,5.1,4.5,4.3,3.5,3.0,2.3,2.3,2.0,1.7,1.7,1.4,1.2,0.9,0.7,0.6,0.5,na
1.1.1,275,State of Palestine,15+,0.2,0.3,0.5,0.4,0.2,0.2,0.1,0.4,0.3,0.1,0.1,0.1,0.1,0.1,0.2,0.2,0.2,0.3,0.3,na
1.1.1,275,State of Palestine,15-24,0.3,0.5,0.7,0.4,0.3,0.2,0.1,0.5,0.3,0.1,0.1,0.1,0.1,0.1,0.2,0.2,0.2,0.3,0.3,na
1.1.1,275,State of Palestine,25+,0.2,0.3,0.5,0.4,0.2,0.2,0.1,0.4,0.2,0.1,0.1,0.1,0.1,0.1,0.2,0.2,0.2,0.2,0.2,na
1.1.1,202,Sub-Saharan Africa,15+,57.6,56.3,55.2,55.5,51.9,50.5,49.4,48.3,47.2,47.0,45.5,43.1,41.4,40.7,39.5,39.2,39.0,38.2,37.3,36.7
1.1.1,202,Sub-Saharan Africa,15-24,61.4,59.7,59.3,60.1,56.2,54.7,53.6,52.5,51.5,51.3,49.9,47.8,46.4,45.7,45.0,44.7,44.3,43.5,42.5,41.9
1.1.1,202,Sub-Saharan Africa,25+,56.3,55.1,53.8,53.9,50.4,49.1,48.0,46.8,45.8,45.6,44.0,41.6,39.8,39.1,37.8,37.5,37.3,36.6,35.6,35.1
1.1.1,729,Sudan,15+,27.4,25.7,24.0,21.8,21.3,19.6,16.6,13.2,11.9,11.8,12.6,10.8,8.1,8.0,8.5,7.8,7.2,6.8,8.0,na
1.1.1,729,Sudan,15-24,21.9,20.3,18.8,16.9,16.5,15.1,12.5,9.8,8.8,8.1,8.9,7.8,5.8,5.7,6.0,5.5,5.0,4.7,5.6,na
1.1.1,729,Sudan,25+,28.8,27.1,25.3,22.9,22.4,20.6,17.5,14.0,12.6,12.6,13.4,11.4,8.6,8.5,9.0,8.3,7.6,7.2,8.4,na
1.1.1,740,Suriname,15+,17.1,15.4,15.4,15.2,15.2,15.2,14.5,13.9,13.7,13.7,13.3,13.3,12.5,12.5,12.5,13.4,13.9,13.9,13.9,na
1.1.1,740,Suriname,15-24,11.3,10.0,10.2,9.9,10.1,9.9,9.4,8.8,8.7,8.6,8.9,8.0,7.5,7.3,7.9,8.9,9.6,9.6,9.6,na
1.1.1,740,Suriname,25+,17.8,16.0,16.1,15.9,15.9,15.9,15.2,14.6,14.4,14.4,13.9,14.0,13.1,13.1,13.1,14.0,14.4,14.4,14.4,na
1.1.1,760,Syrian Arab Republic,15+,1.0,0.7,0.6,0.6,0.5,0.4,0.4,0.3,0.3,0.2,0.2,na,0.8,2.6,5.9,9.8,15.8,27.9,36.1,na
1.1.1,760,Syrian Arab Republic,15-24,0.8,0.6,0.5,0.5,0.4,0.3,0.3,0.3,0.3,0.2,0.2,na,0.7,2.0,4.7,7.8,12.9,23.8,31.9,na
1.1.1,760,Syrian Arab Republic,25+,1.1,0.8,0.6,0.6,0.5,0.4,0.4,0.3,0.3,0.2,0.2,na,0.9,2.7,6.2,10.2,16.4,28.7,36.9,na
1.1.1,762,Tajikistan,15+,na,na,na,24.4,na,na,na,na,na,3.1,na,na,na,na,na,na,na,na,na,na
1.1.1,762,Tajikistan,15+,30.6,29.8,26.1,na,11.7,10.1,9.0,8.2,6.1,na,3.8,3.8,3.9,3.8,3.8,3.8,3.1,2.5,2.1,na
1.1.1,762,Tajikistan,15-24,na,na,na,26.4,na,na,na,na,na,2.4,na,na,na,na,na,na,na,na,na,na
1.1.1,762,Tajikistan,15-24,33.2,32.1,28.2,na,12.4,10.3,8.9,7.7,5.4,na,3.2,3.2,3.4,3.6,3.7,3.8,3.3,2.7,2.3,na
1.1.1,762,Tajikistan,25+,na,na,na,24.0,na,na,na,na,na,3.3,na,na,na,na,na,na,na,na,na,na
1.1.1,762,Tajikistan,25+,30.1,29.3,25.7,na,11.6,10.1,9.1,8.4,6.3,na,4.0,3.9,4.0,3.9,3.8,3.8,3.1,2.5,2.0,na
1.1.1,764,Thailand,15+,na,na,0.9,na,na,na,na,na,na,na,0.1,na,na,na,na,na,na,na,na,na
1.1.1,764,Thailand,15+,2.0,1.4,na,0.8,0.5,0.4,0.5,0.2,0.1,0.1,na,0.1,0.1,0.0,0.0,0.0,0.0,0.0,0.0,na
1.1.1,764,Thailand,15-24,na,na,1.4,na,na,na,na,na,na,na,0.2,na,na,na,na,na,na,na,na,na
1.1.1,764,Thailand,15-24,3.3,2.3,na,1.3,0.7,0.6,0.7,0.4,0.2,0.1,na,0.1,0.1,0.0,0.0,0.0,0.0,0.0,0.0,na
1.1.1,764,Thailand,25+,na,na,0.8,na,na,na,na,na,na,na,0.1,na,na,na,na,na,na,na,na,na
1.1.1,764,Thailand,25+,1.8,1.2,na,0.7,0.4,0.4,0.4,0.2,0.1,0.1,na,0.1,0.1,0.0,0.0,0.0,0.0,0.0,0.0,na
1.1.1,626,Timor-Leste,15+,na,33.5,na,na,na,na,na,32.9,na,na,na,na,na,na,na,na,na,na,na,na
1.1.1,626,Timor-Leste,15+,40.8,na,33.3,34.7,33.1,32.7,39.1,na,37.9,29.1,26.5,27.3,25.5,21.9,18.1,19.6,18.1,17.5,17.2,na
1.1.1,626,Timor-Leste,15-24,na,36.0,na,na,na,na,na,36.7,na,na,na,na,na,na,na,na,na,na,na,na
1.1.1,626,Timor-Leste,15-24,42.8,na,36.3,37.8,36.6,36.4,42.4,na,41.5,33.3,30.8,31.6,29.8,26.0,21.8,23.5,21.8,21.0,20.8,na
1.1.1,626,Timor-Leste,25+,na,33.0,na,na,na,na,na,31.9,na,na,na,na,na,na,na,na,na,na,na,na
1.1.1,626,Timor-Leste,25+,40.3,na,32.6,33.9,32.2,31.8,38.2,na,36.9,27.9,25.4,26.2,24.4,20.8,17.2,18.6,17.2,16.6,16.4,na
1.1.1,768,Togo,15+,na,na,na,na,na,na,53.5,na,na,na,na,45.0,na,na,na,na,na,na,na,na
1.1.1,768,Togo,15+,45.9,47.1,46.5,44.0,46.3,50.5,na,52.4,51.9,50.3,49.2,na,46.9,45.8,44.5,43.6,41.4,40.0,38.5,na
1.1.1,768,Togo,15-24,na,na,na,na,na,na,60.4,na,na,na,na,49.8,na,na,na,na,na,na,na,na
1.1.1,768,Togo,15-24,54.1,55.1,54.6,52.5,54.4,57.9,na,58.6,57.5,55.5,54.0,na,51.4,50.4,49.3,48.4,46.7,45.5,44.2,na
1.1.1,768,Togo,25+,na,na,na,na,na,na,52.2,na,na,na,na,44.1,na,na,na,na,na,na,na,na
1.1.1,768,Togo,25+,44.2,45.4,44.7,42.2,44.6,49.0,na,51.1,50.7,49.3,48.3,na,46.1,44.9,43.6,42.7,40.5,39.1,37.5,na
1.1.1,780,Trinidad and Tobago,15+,0.3,0.2,0.2,0.1,0.1,0.1,0.1,0.1,0.1,0.1,0.1,0.1,0.1,0.1,0.1,0.1,0.1,0.1,0.1,na
1.1.1,780,Trinidad and Tobago,15-24,0.3,0.3,0.2,0.2,0.1,0.1,0.1,0.1,0.1,0.1,0.1,0.1,0.1,0.1,0.1,0.1,0.1,0.1,0.1,na
1.1.1,780,Trinidad and Tobago,25+,0.2,0.2,0.2,0.1,0.1,0.1,0.1,0.1,0.1,0.1,0.1,0.1,0.1,0.1,0.1,0.1,0.1,0.1,0.1,na
1.1.1,788,Tunisia,15+,2.6,2.1,1.8,1.4,1.1,1.0,0.9,0.8,0.7,0.7,0.6,0.5,0.4,0.2,0.1,0.1,0.1,0.1,0.1,na
1.1.1,788,Tunisia,15-24,2.6,2.1,1.8,1.4,1.1,1.0,0.9,0.8,0.7,0.6,0.5,0.5,0.4,0.2,0.1,0.1,0.1,0.1,0.1,na
1.1.1,788,Tunisia,25+,2.7,2.1,1.8,1.4,1.1,1.0,0.9,0.8,0.8,0.7,0.6,0.6,0.4,0.2,0.1,0.1,0.1,0.1,0.1,na
1.1.1,792,Turkey,15+,0.8,1.5,na,2.4,0.8,1.0,0.5,0.4,0.2,0.2,0.2,0.0,0.0,0.1,0.1,0.1,0.1,0.0,0.0,na
1.1.1,792,Turkey,15-24,0.8,1.5,na,2.4,0.9,1.1,0.6,0.4,0.2,0.2,0.2,0.0,0.0,0.1,0.1,0.1,0.1,0.0,0.0,na
1.1.1,792,Turkey,25+,0.8,1.5,na,2.4,0.8,1.0,0.5,0.4,0.2,0.2,0.2,0.0,0.0,0.1,0.1,0.1,0.1,0.0,0.0,na
1.1.1,795,Turkmenistan,15+,32.5,31.0,31.4,30.4,28.5,23.4,19.5,16.0,11.8,10.4,8.4,5.4,3.6,2.3,1.2,0.6,0.5,0.4,0.3,na
1.1.1,795,Turkmenistan,15-24,34.1,32.5,32.7,31.5,29.6,24.6,20.8,17.3,13.0,11.6,9.5,6.4,4.4,2.8,1.5,0.8,0.7,0.5,0.4,na
1.1.1,795,Turkmenistan,25+,32.1,30.6,31.1,30.1,28.3,23.0,19.2,15.7,11.5,10.1,8.1,5.2,3.4,2.1,1.1,0.6,0.5,0.4,0.3,na
1.1.1,800,Uganda,15+,64.5,64.2,62.0,59.9,57.1,na,49.8,46.5,43.4,41.4,39.4,34.6,33.0,33.2,34.3,35.3,36.7,37.6,36.2,na
1.1.1,800,Uganda,15-24,63.1,62.9,60.8,58.9,56.2,na,49.4,46.3,43.5,41.7,39.7,35.1,33.5,33.7,34.7,35.8,37.1,38.1,36.7,na
1.1.1,800,Uganda,25+,65.1,64.8,62.6,60.4,57.5,na,49.9,46.5,43.4,41.3,39.3,34.4,32.7,33.0,34.1,35.1,36.5,37.5,35.9,na
1.1.1,804,Ukraine,15+,0.8,0.6,0.4,0.2,0.1,0.1,0.0,0.0,0.0,0.0,0.0,0.1,0.1,0.1,0.0,0.0,0.1,0.0,0.0,na
1.1.1,804,Ukraine,15-24,1.3,0.9,0.7,0.3,0.2,0.1,0.1,0.0,0.0,0.0,0.0,0.2,0.2,0.2,0.0,0.0,0.1,0.0,0.0,na
1.1.1,804,Ukraine,25+,0.8,0.5,0.4,0.1,0.1,0.1,0.0,0.0,0.0,0.0,0.0,0.1,0.1,0.1,0.0,0.0,0.1,0.0,0.0,na
1.1.1,834,United Republic of Tanzania,15+,85.1,83.3,78.9,74.8,70.0,65.3,61.2,57.0,54.9,53.2,50.8,46.8,na,45.6,45.5,45.4,45.0,44.8,44.8,na
1.1.1,834,United Republic of Tanzania,15-24,86.1,84.4,80.4,76.7,72.4,68.1,64.3,60.5,58.5,57.0,54.7,51.0,na,49.9,49.9,49.9,49.5,49.5,49.5,na
1.1.1,834,United Republic of Tanzania,25+,84.6,82.7,78.2,73.8,68.9,63.9,59.7,55.4,53.2,51.5,49.0,45.0,na,43.7,43.6,43.6,43.0,42.9,42.9,na
1.1.1,858,Uruguay,15+,0.1,0.1,0.1,0.2,0.2,0.2,0.1,0.1,0.1,0.1,0.0,0.0,0.0,0.1,0.0,0.0,0.0,0.0,0.0,na
1.1.1,858,Uruguay,15-24,0.2,0.1,0.1,0.2,0.2,0.2,0.1,0.1,0.1,0.1,0.1,0.0,0.1,0.1,0.0,0.0,0.0,0.0,0.0,na
1.1.1,858,Uruguay,25+,0.1,0.1,0.1,0.2,0.2,0.2,0.1,0.1,0.1,0.1,0.0,0.0,0.0,0.0,0.0,0.0,0.0,0.0,0.0,na
1.1.1,860,Uzbekistan,15+,54.8,53.0,51.0,55.1,50.8,46.7,42.3,37.0,31.9,27.7,24.6,21.6,18.6,15.9,13.7,11.7,10.1,9.3,8.5,na
1.1.1,860,Uzbekistan,15-24,52.7,50.9,49.0,52.5,48.6,44.7,40.5,35.6,30.9,27.0,24.1,21.6,18.7,16.1,14.0,12.2,10.7,10.0,9.2,na
1.1.1,860,Uzbekistan,25+,55.3,53.5,51.5,55.8,51.4,47.3,42.8,37.4,32.1,27.9,24.7,21.6,18.6,15.8,13.6,11.6,10.0,9.2,8.3,na
1.1.1,862,Venezuela (Bolivarian Republic of),15+,8.6,7.9,14.0,17.9,15.3,14.6,7.3,6.3,6.2,6.4,6.6,6.5,6.2,6.1,6.3,na,na,na,na,na
1.1.1,862,Venezuela (Bolivarian Republic of),15-24,8.4,7.8,13.3,16.7,14.4,14.4,7.0,5.9,5.7,5.7,5.6,5.3,5.0,4.8,5.0,na,na,na,na,na
1.1.1,862,Venezuela (Bolivarian Republic of),25+,8.6,8.0,14.1,18.1,15.5,14.7,7.4,6.4,6.3,6.5,6.8,6.7,6.4,6.3,6.5,na,na,na,na,na
1.1.1,704,Viet Nam,15+,na,na,39.7,na,24.3,na,17.8,na,15.6,na,4.7,na,na,na,na,na,na,na,na,na
1.1.1,704,Viet Nam,15+,35.0,35.4,na,30.0,na,22.4,na,16.7,na,13.7,na,3.9,3.2,3.1,3.1,2.6,2.2,2.2,2.2,na
1.1.1,704,Viet Nam,15-24,na,na,46.5,na,30.3,na,22.4,na,21.3,na,7.6,na,na,na,na,na,na,na,na,na
1.1.1,704,Viet Nam,15-24,41.6,42.1,na,36.5,na,27.8,na,21.8,na,19.0,na,6.5,5.4,5.4,5.3,4.7,4.0,4.1,4.1,na
1.1.1,704,Viet Nam,25+,na,na,37.7,na,22.5,na,16.5,na,14.1,na,4.0,na,na,na,na,na,na,na,na,na
1.1.1,704,Viet Nam,25+,32.8,33.3,na,28.1,na,20.9,na,15.3,na,12.3,na,3.3,2.7,2.7,2.6,2.2,1.9,1.9,1.9,na
1.1.1,145,Western Asia,15+,1.3,1.6,1.3,2.6,1.1,1.2,0.9,0.9,0.8,0.8,0.7,1.0,1.0,1.0,1.3,2.0,3.0,4.0,4.6,4.8
1.1.1,145,Western Asia,15-24,1.2,1.5,1.3,3.0,1.2,1.3,1.0,1.0,0.9,1.0,0.9,1.4,1.4,1.4,1.7,2.9,4.3,5.5,6.3,6.7
1.1.1,145,Western Asia,25+,1.4,1.6,1.3,2.5,1.1,1.1,0.9,0.9,0.7,0.7,0.7,0.9,0.9,0.9,1.2,1.9,2.8,3.7,4.3,4.5
1.1.1,1,World,15+,26.2,25.2,24.1,22.8,20.9,18.9,18.3,17.1,16.4,15.7,14.0,11.9,10.8,9.0,8.4,7.8,7.5,7.1,6.8,6.6
1.1.1,1,World,15-24,32.2,31.4,30.4,29.3,27.1,24.9,24.1,22.9,22.2,21.4,19.6,17.2,16.0,13.8,13.4,13.1,12.8,12.5,12.1,12.0
1.1.1,1,World,25+,24.7,23.8,22.7,21.3,19.5,17.6,17.0,15.9,15.2,14.5,12.9,10.9,9.9,8.1,7.5,7.0,6.6,6.3,5.9,5.8
1.1.1,887,Yemen,15+,4.7,5.1,5.4,5.7,6.0,5.8,6.1,6.4,6.4,6.5,5.5,11.5,12.0,10.9,12.8,22.8,34.0,39.5,43.1,na
1.1.1,887,Yemen,15-24,4.7,5.0,5.2,5.5,5.7,5.5,5.7,6.0,6.0,6.1,5.2,11.0,11.6,10.6,12.5,22.5,33.9,39.4,43.1,na
1.1.1,887,Yemen,25+,4.7,5.1,5.4,5.8,6.1,5.9,6.2,6.6,6.6,6.6,5.6,11.7,12.2,11.0,12.9,22.8,34.0,39.5,43.1,na
1.1.1,894,Zambia,15+,44.9,46.4,48.1,49.1,52.1,55.5,57.6,59.1,60.6,61.7,62.1,60.4,57.5,56.2,55.2,54.5,54.1,53.9,53.8,na
1.1.1,894,Zambia,15-24,49.7,51.0,52.5,53.3,56.6,60.1,61.9,63.1,64.5,65.5,65.8,64.3,61.8,60.6,59.8,59.1,58.9,58.7,58.5,na
1.1.1,894,Zambia,25+,42.8,44.3,46.2,47.3,50.3,53.7,55.9,57.4,59.1,60.3,60.9,59.0,56.0,54.6,53.6,52.9,52.6,52.3,52.3,na
1.1.1,716,Zimbabwe,15+,8.6,8.4,11.2,17.3,19.7,22.2,23.8,25.9,35.8,30.8,23.5,18.8,16.9,19.7,22.4,25.3,28.6,30.0,27.8,na
1.1.1,716,Zimbabwe,15-24,10.7,10.4,13.6,20.5,23.0,25.6,27.4,29.6,39.5,34.7,27.1,22.2,20.3,23.4,26.3,29.4,32.9,34.3,32.0,na
1.1.1,716,Zimbabwe,25+,7.5,7.3,9.9,15.6,17.9,20.3,21.9,24.0,33.8,28.9,21.6,17.1,15.4,18.1,20.6,23.4,26.8,28.2,25.9,na
